pdf, manufacturer, details_pagehttps://www.onsemi.com/pub/Collateral/LC823455-D.PDF,on-semiconductor,https://www.digikey.com/product-detail/en/on-semiconductor/LC823455XATBG/488-LC823455XATBGTR-ND/11592800,
https://www.onsemi.com/pub/Collateral/LC823455-D.PDF,on-semiconductor,https://www.digikey.com/product-detail/en/on-semiconductor/LC823455XATBG/488-LC823455XATBGCT-ND/11593203,
https://www.onsemi.com/pub/Collateral/LC823455-D.PDF,on-semiconductor,https://www.digikey.com/product-detail/en/on-semiconductor/LC823455XATBG/488-LC823455XATBGDKR-ND/11593283,
https://www.analog.com/media/en/technical-documentation/data-sheets/AD2420(W)-AD2426(W)-AD2427(W)-AD2428(W)-AD2429(W).pdf,analog-devices-inc.,https://www.digikey.com/product-detail/en/analog-devices-inc/AD2429KCPZ/505-AD2429KCPZ-ND/11642806,
https://www.analog.com/media/en/technical-documentation/data-sheets/AD2420(W)-AD2426(W)-AD2427(W)-AD2428(W)-AD2429(W).pdf,analog-devices-inc.,https://www.digikey.com/product-detail/en/analog-devices-inc/AD2427KCPZ/505-AD2427KCPZ-ND/11642771,
https://www.analog.com/media/en/technical-documentation/data-sheets/AD2420(W)-AD2426(W)-AD2427(W)-AD2428(W)-AD2429(W).pdf,analog-devices-inc.,https://www.digikey.com/product-detail/en/analog-devices-inc/AD2429WCCPZ01/505-AD2429WCCPZ01-ND/11642777,
https://www.analog.com/media/en/technical-documentation/data-sheets/AD2420(W)-AD2426(W)-AD2427(W)-AD2428(W)-AD2429(W).pdf,analog-devices-inc.,https://www.digikey.com/product-detail/en/analog-devices-inc/AD2428KCPZ/505-AD2428KCPZ-ND/11642773,
https://www.analog.com/media/en/technical-documentation/data-sheets/AD2420(W)-AD2426(W)-AD2427(W)-AD2428(W)-AD2429(W).pdf,analog-devices-inc.,https://www.digikey.com/product-detail/en/analog-devices-inc/AD2426KCPZ/505-AD2426KCPZ-ND/11642778,
https://www.analog.com/media/en/technical-documentation/data-sheets/AD2420(W)-AD2426(W)-AD2427(W)-AD2428(W)-AD2429(W).pdf,analog-devices-inc.,https://www.digikey.com/product-detail/en/analog-devices-inc/AD2426BCPZ/505-AD2426BCPZ-ND/11642803,
https://www.analog.com/media/en/technical-documentation/data-sheets/AD2420(W)-AD2426(W)-AD2427(W)-AD2428(W)-AD2429(W).pdf,analog-devices-inc.,https://www.digikey.com/product-detail/en/analog-devices-inc/AD2429BCPZ/505-AD2429BCPZ-ND/11642809,
https://www.analog.com/media/en/technical-documentation/data-sheets/AD2420(W)-AD2426(W)-AD2427(W)-AD2428(W)-AD2429(W).pdf,analog-devices-inc.,https://www.digikey.com/product-detail/en/analog-devices-inc/AD2427BCPZ/505-AD2427BCPZ-ND/11642772,
https://www.analog.com/media/en/technical-documentation/data-sheets/AD2420(W)-AD2426(W)-AD2427(W)-AD2428(W)-AD2429(W).pdf,analog-devices-inc.,https://www.digikey.com/product-detail/en/analog-devices-inc/AD2428BCPZ/505-AD2428BCPZ-ND/11642780,
https://www.analog.com/media/en/technical-documentation/data-sheets/AD2420(W)-AD2426(W)-AD2427(W)-AD2428(W)-AD2429(W).pdf,analog-devices-inc.,https://www.digikey.com/product-detail/en/analog-devices-inc/AD2420WCCPZ01-RL/505-AD2420WCCPZ01-RLTR-ND/11642796,
https://www.analog.com/media/en/technical-documentation/data-sheets/AD2420(W)-AD2426(W)-AD2427(W)-AD2428(W)-AD2429(W).pdf,analog-devices-inc.,https://www.digikey.com/product-detail/en/analog-devices-inc/AD2420KCPZ/505-AD2420KCPZ-ND/11642799,
https://www.analog.com/media/en/technical-documentation/data-sheets/AD2420(W)-AD2426(W)-AD2427(W)-AD2428(W)-AD2429(W).pdf,analog-devices-inc.,https://www.digikey.com/product-detail/en/analog-devices-inc/AD2420BCPZ/505-AD2420BCPZ-ND/11642820,
https://www.analog.com/media/en/technical-documentation/data-sheets/AD2420(W)-AD2426(W)-AD2427(W)-AD2428(W)-AD2429(W).pdf,analog-devices-inc.,https://www.digikey.com/product-detail/en/analog-devices-inc/AD2420WCCPZ01/505-AD2420WCCPZ01-ND/11642821,
https://www.analog.com/media/en/technical-documentation/data-sheets/AD2420(W)-AD2426(W)-AD2427(W)-AD2428(W)-AD2429(W).pdf,analog-devices-inc.,https://www.digikey.com/product-detail/en/analog-devices-inc/AD2426WCCSZ01-RL/505-AD2426WCCSZ01-RLTR-ND/11642813,
https://www.analog.com/media/en/technical-documentation/data-sheets/AD2420(W)-AD2426(W)-AD2427(W)-AD2428(W)-AD2429(W).pdf,analog-devices-inc.,https://www.digikey.com/product-detail/en/analog-devices-inc/AD2429WCCPZ01-RL/505-AD2429WCCPZ01-RLTR-ND/11642774,
https://www.analog.com/media/en/technical-documentation/data-sheets/AD2420(W)-AD2426(W)-AD2427(W)-AD2428(W)-AD2429(W).pdf,analog-devices-inc.,https://www.digikey.com/product-detail/en/analog-devices-inc/AD2427WCCSZ01-RL/505-AD2427WCCSZ01-RLTR-ND/11642794,
https://www.analog.com/media/en/technical-documentation/data-sheets/AD2420(W)-AD2426(W)-AD2427(W)-AD2428(W)-AD2429(W).pdf,analog-devices-inc.,https://www.digikey.com/product-detail/en/analog-devices-inc/AD2426WCCSZ01/505-AD2426WCCSZ01-ND/11642804,
https://www.analog.com/media/en/technical-documentation/data-sheets/AD2420(W)-AD2426(W)-AD2427(W)-AD2428(W)-AD2429(W).pdf,analog-devices-inc.,https://www.digikey.com/product-detail/en/analog-devices-inc/AD2428WCCSZ01-RL/505-AD2428WCCSZ01-RLTR-ND/11642790,
https://www.analog.com/media/en/technical-documentation/data-sheets/AD2420(W)-AD2426(W)-AD2427(W)-AD2428(W)-AD2429(W).pdf,analog-devices-inc.,https://www.digikey.com/product-detail/en/analog-devices-inc/AD2427WCCSZ01/505-AD2427WCCSZ01-ND/11642786,
https://www.analog.com/media/en/technical-documentation/data-sheets/AD2420(W)-AD2426(W)-AD2427(W)-AD2428(W)-AD2429(W).pdf,analog-devices-inc.,https://www.digikey.com/product-detail/en/analog-devices-inc/AD2428WCCSZ01/505-AD2428WCCSZ01-ND/11642805,
https://www.diodes.com/assets/Datasheets/PI6CB33202.pdf,diodes-incorporated,https://www.digikey.com/product-detail/en/diodes-incorporated/PI6CB33202ZDIEX/31-PI6CB33202ZDIEXTR-ND/11594252,
https://www.diodes.com/assets/Datasheets/PI6CB33202.pdf,diodes-incorporated,https://www.digikey.com/product-detail/en/diodes-incorporated/PI6CB33202ZDIEX/31-PI6CB33202ZDIEXCT-ND/11594278,
https://www.diodes.com/assets/Datasheets/PI6CB33202.pdf,diodes-incorporated,https://www.digikey.com/product-detail/en/diodes-incorporated/PI6CB33202ZDIEX/31-PI6CB33202ZDIEXDKR-ND/11594266,
https://www.diodes.com/assets/Datasheets/PI6CB33802.pdf,diodes-incorporated,https://www.digikey.com/product-detail/en/diodes-incorporated/PI6CB33802ZLIEX/31-PI6CB33802ZLIEXTR-ND/11591335,
https://www.diodes.com/assets/Datasheets/PI6CB33802.pdf,diodes-incorporated,https://www.digikey.com/product-detail/en/diodes-incorporated/PI6CB33802ZLIEX/31-PI6CB33802ZLIEXCT-ND/11591342,
https://www.diodes.com/assets/Datasheets/PI6CB33802.pdf,diodes-incorporated,https://www.digikey.com/product-detail/en/diodes-incorporated/PI6CB33802ZLIEX/31-PI6CB33802ZLIEXDKR-ND/11591347,
http://www.ti.com/general/docs/suppproductinfo.tsp?distId=10&gotoUrl=http%3A%2F%2Fwww.ti.com%2Flit%2Fgpn%2Flmk1c1104,texas-instruments,https://www.digikey.com/product-detail/en/texas-instruments/LMK1C1104PWR/296-LMK1C1104PWRTR-ND/11502298,
https://www.diodes.com/assets/Datasheets/PI6CB33201.pdf,diodes-incorporated,https://www.digikey.com/product-detail/en/diodes-incorporated/PI6CB33201ZDIEX/31-PI6CB33201ZDIEXTR-ND/11594254,
https://www.diodes.com/assets/Datasheets/PI6CB33201.pdf,diodes-incorporated,https://www.digikey.com/product-detail/en/diodes-incorporated/PI6CB33201ZDIEX/31-PI6CB33201ZDIEXCT-ND/11594265,
https://www.diodes.com/assets/Datasheets/PI6CB33201.pdf,diodes-incorporated,https://www.digikey.com/product-detail/en/diodes-incorporated/PI6CB33201ZDIEX/31-PI6CB33201ZDIEXDKR-ND/11594280,
https://4donline.ihs.com/images/VipMasterIC/IC/CYPR/CYPR-S-A0000205879/CYPR-S-A0000205879-1.pdf?hkey=EC6BD57738AE6E33B588C5F9AD3CEFA7,rochester-electronics-llc,https://www.digikey.com/product-detail/en/rochester-electronics-llc/CY2PP326AI/2156-CY2PP326AI-ND/12109833,
http://ww1.microchip.com/downloads/en/DeviceDoc/ZL40264-Data-Sheet.pdf,microchip-technology,https://www.digikey.com/product-detail/en/microchip-technology/ZL40264LDF1/150-ZL40264LDF1TR-ND/12081897,
http://ww1.microchip.com/downloads/en/DeviceDoc/ZL40264-Data-Sheet.pdf,microchip-technology,https://www.digikey.com/product-detail/en/microchip-technology/ZL40264LDF1/150-ZL40264LDF1CT-ND/12081998,
http://ww1.microchip.com/downloads/en/DeviceDoc/ZL40264-Data-Sheet.pdf,microchip-technology,https://www.digikey.com/product-detail/en/microchip-technology/ZL40264LDF1/150-ZL40264LDF1DKR-ND/12081966,
http://ww1.microchip.com/downloads/en/DeviceDoc/ZL40294%20%20Datasheet%20January%202020.pdf,microchip-technology,https://www.digikey.com/product-detail/en/microchip-technology/ZL40294LDG6/150-ZL40294LDG6-ND/11618263,
http://ww1.microchip.com/downloads/en/DeviceDoc/ZL40295DatasheetDecember2019.pdf,microchip-technology,https://www.digikey.com/product-detail/en/microchip-technology/ZL40295LDG6/150-ZL40295LDG6-ND/11618292,
https://www.diodes.com/assets/Datasheets/PI6CG33202C.pdf,diodes-incorporated,https://www.digikey.com/product-detail/en/diodes-incorporated/PI6CG33202CZDIEX/31-PI6CG33202CZDIEXTR-ND/11616842,
https://www.diodes.com/assets/Datasheets/PI6CG33202C.pdf,diodes-incorporated,https://www.digikey.com/product-detail/en/diodes-incorporated/PI6CG33202CZDIEX/31-PI6CG33202CZDIEXCT-ND/11616849,
https://www.diodes.com/assets/Datasheets/PI6CG33202C.pdf,diodes-incorporated,https://www.digikey.com/product-detail/en/diodes-incorporated/PI6CG33202CZDIEX/31-PI6CG33202CZDIEXDKR-ND/11616848,
https://www.diodes.com/assets/Datasheets/PI6CG33402.pdf,diodes-incorporated,https://www.digikey.com/product-detail/en/diodes-incorporated/PI6CG33402ZHIEX/31-PI6CG33402ZHIEXTR-ND/11611281,
https://www.diodes.com/assets/Datasheets/PI6CG33402.pdf,diodes-incorporated,https://www.digikey.com/product-detail/en/diodes-incorporated/PI6CG33402ZHIEX/31-PI6CG33402ZHIEXCT-ND/11611274,
https://www.diodes.com/assets/Datasheets/PI6CG33402.pdf,diodes-incorporated,https://www.digikey.com/product-detail/en/diodes-incorporated/PI6CG33402ZHIEX/31-PI6CG33402ZHIEXDKR-ND/11611276,
https://www.diodes.com/assets/Datasheets/PI6CG33401C.pdf,diodes-incorporated,https://www.digikey.com/product-detail/en/diodes-incorporated/PI6CG33401CZHIEX/31-PI6CG33401CZHIEXTR-ND/11611264,
https://www.diodes.com/assets/Datasheets/PI6CG33401C.pdf,diodes-incorporated,https://www.digikey.com/product-detail/en/diodes-incorporated/PI6CG33401CZHIEX/31-PI6CG33401CZHIEXCT-ND/11611277,
https://www.diodes.com/assets/Datasheets/PI6CG33401C.pdf,diodes-incorporated,https://www.digikey.com/product-detail/en/diodes-incorporated/PI6CG33401CZHIEX/31-PI6CG33401CZHIEXDKR-ND/11611278,
https://www.diodes.com/assets/Datasheets/PI6CG33402C.pdf,diodes-incorporated,https://www.digikey.com/product-detail/en/diodes-incorporated/PI6CG33402CZHIEX/31-PI6CG33402CZHIEXTR-ND/11611272,
https://www.diodes.com/assets/Datasheets/PI6CG33402C.pdf,diodes-incorporated,https://www.digikey.com/product-detail/en/diodes-incorporated/PI6CG33402CZHIEX/31-PI6CG33402CZHIEXCT-ND/11611284,
https://www.diodes.com/assets/Datasheets/PI6CG33402C.pdf,diodes-incorporated,https://www.digikey.com/product-detail/en/diodes-incorporated/PI6CG33402CZHIEX/31-PI6CG33402CZHIEXDKR-ND/11611273,
https://www.diodes.com/assets/Datasheets/PI6CG33602C.pdf,diodes-incorporated,https://www.digikey.com/product-detail/en/diodes-incorporated/PI6CG33602CZLAIEX/31-PI6CG33602CZLAIEXTR-ND/11594255,
https://www.diodes.com/assets/Datasheets/PI6CG33602C.pdf,diodes-incorporated,https://www.digikey.com/product-detail/en/diodes-incorporated/PI6CG33602CZLAIEX/31-PI6CG33602CZLAIEXCT-ND/11594271,
https://www.diodes.com/assets/Datasheets/PI6CG33602C.pdf,diodes-incorporated,https://www.digikey.com/product-detail/en/diodes-incorporated/PI6CG33602CZLAIEX/31-PI6CG33602CZLAIEXDKR-ND/11594283,
https://www.diodes.com/assets/Datasheets/PI6CG33802C.pdf,diodes-incorporated,https://www.digikey.com/product-detail/en/diodes-incorporated/PI6CG33802CZLIEX/31-PI6CG33802CZLIEXTR-ND/11611265,
https://www.diodes.com/assets/Datasheets/PI6CG33802C.pdf,diodes-incorporated,https://www.digikey.com/product-detail/en/diodes-incorporated/PI6CG33802CZLIEX/31-PI6CG33802CZLIEXCT-ND/11611283,
https://www.diodes.com/assets/Datasheets/PI6CG33802C.pdf,diodes-incorporated,https://www.digikey.com/product-detail/en/diodes-incorporated/PI6CG33802CZLIEX/31-PI6CG33802CZLIEXDKR-ND/11611282,
http://www.ti.com/general/docs/suppproductinfo.tsp?distId=10&gotoUrl=http%3A%2F%2Fwww.ti.com%2Flit%2Fgpn%2Fcdce6214-q1,texas-instruments,https://www.digikey.com/product-detail/en/texas-instruments/CDCE6214TWRGETQ1/296-CDCE6214TWRGETQ1TR-ND/11502307,
https://www.diodes.com/assets/Datasheets/PI6CG33201C.pdf,diodes-incorporated,https://www.digikey.com/product-detail/en/diodes-incorporated/PI6CG33201CZDIEX/31-PI6CG33201CZDIEXTR-ND/11616844,
https://www.diodes.com/assets/Datasheets/PI6CG33201C.pdf,diodes-incorporated,https://www.digikey.com/product-detail/en/diodes-incorporated/PI6CG33201CZDIEX/31-PI6CG33201CZDIEXCT-ND/11616847,
https://www.diodes.com/assets/Datasheets/PI6CG33201C.pdf,diodes-incorporated,https://www.digikey.com/product-detail/en/diodes-incorporated/PI6CG33201CZDIEX/31-PI6CG33201CZDIEXDKR-ND/11616850,
https://www.diodes.com/assets/Datasheets/PI6CG33601C.pdf,diodes-incorporated,https://www.digikey.com/product-detail/en/diodes-incorporated/PI6CG33601CZLAIEX/31-PI6CG33601CZLAIEXTR-ND/11594253,
https://www.diodes.com/assets/Datasheets/PI6CG33601C.pdf,diodes-incorporated,https://www.digikey.com/product-detail/en/diodes-incorporated/PI6CG33601CZLAIEX/31-PI6CG33601CZLAIEXCT-ND/11594268,
https://www.diodes.com/assets/Datasheets/PI6CG33601C.pdf,diodes-incorporated,https://www.digikey.com/product-detail/en/diodes-incorporated/PI6CG33601CZLAIEX/31-PI6CG33601CZLAIEXDKR-ND/11594270,
https://www.diodes.com/assets/Datasheets/PI6CG33801C.pdf,diodes-incorporated,https://www.digikey.com/product-detail/en/diodes-incorporated/PI6CG33801CZLIEX/31-PI6CG33801CZLIEXTR-ND/11616843,
https://www.diodes.com/assets/Datasheets/PI6CG33801C.pdf,diodes-incorporated,https://www.digikey.com/product-detail/en/diodes-incorporated/PI6CG33801CZLIEX/31-PI6CG33801CZLIEXCT-ND/11616845,
https://www.diodes.com/assets/Datasheets/PI6CG33801C.pdf,diodes-incorporated,https://www.digikey.com/product-detail/en/diodes-incorporated/PI6CG33801CZLIEX/31-PI6CG33801CZLIEXDKR-ND/11616846,
http://www.ti.com/general/docs/suppproductinfo.tsp?distId=10&gotoUrl=http%3A%2F%2Fwww.ti.com%2Flit%2Fgpn%2Fcdce6214-q1,texas-instruments,https://www.digikey.com/product-detail/en/texas-instruments/CDCE6214TWRGERQ1/296-CDCE6214TWRGERQ1TR-ND/11502245,
https://www.nteinc.com/specs/4000to4099/pdf/nte4046B_BT.pdf,nte-electronics-inc,https://www.digikey.com/product-detail/en/nte-electronics-inc/NTE4046B/2368-NTE4046B-ND/11647569,
https://www.ablic.com/en/doc/datasheet/automotive_convenience_timer/S35710M_A_E.pdf,ablic-u.s.a.-inc.,https://www.digikey.com/product-detail/en/ablic-u-s-a-inc/S-35710M01A-E8T3U/1662-S-35710M01A-E8T3UTR-ND/11569808,
https://www.ablic.com/en/doc/datasheet/automotive_convenience_timer/S35710M_A_E.pdf,ablic-u.s.a.-inc.,https://www.digikey.com/product-detail/en/ablic-u-s-a-inc/S-35710M01A-E8T3U/1662-S-35710M01A-E8T3UCT-ND/11569931,
https://www.ablic.com/en/doc/datasheet/automotive_convenience_timer/S35710M_A_E.pdf,ablic-u.s.a.-inc.,https://www.digikey.com/product-detail/en/ablic-u-s-a-inc/S-35710M01A-E8T3U/1662-S-35710M01A-E8T3UDKR-ND/11569928,
https://www.ablic.com/en/doc/datasheet/counter_ic/S35770_I_E.pdf,ablic-u.s.a.-inc.,https://www.digikey.com/product-detail/en/ablic-u-s-a-inc/S-35770E01I-K8T2U/1662-3409-2-ND/9974496,
https://www.e-devices.ricoh.co.jp/en/products/product_rtc/2wire/r2025x/r2025x-e.pdf,ricoh-electronic-devices-co.-ltd.,https://www.digikey.com/product-detail/en/ricoh-electronic-devices-co-ltd/R2025S-E2-FE/2129-R2025S-E2-FCT-ND/10244720,
https://www.n-redc.co.jp/en/pdf/datasheet/r2051-ea.pdf,ricoh-electronic-devices-co.-ltd.,https://www.digikey.com/product-detail/en/ricoh-electronic-devices-co-ltd/R2051L02-E2/2129-R2051L02-E2CT-ND/11569197,
https://www.n-redc.co.jp/en/pdf/datasheet/r2051-ea.pdf,ricoh-electronic-devices-co.-ltd.,https://www.digikey.com/product-detail/en/ricoh-electronic-devices-co-ltd/R2051L02-E2/2129-R2051L02-E2DKR-ND/11569545,
https://www.n-redc.co.jp/en/pdf/datasheet/r2221_r2223-ea.pdf,ricoh-electronic-devices-co.-ltd.,https://www.digikey.com/product-detail/en/ricoh-electronic-devices-co-ltd/R2223T-E2-F/2129-R2223T-E2-FCT-ND/11569363,
https://www.n-redc.co.jp/en/pdf/datasheet/r2221_r2223-ea.pdf,ricoh-electronic-devices-co.-ltd.,https://www.digikey.com/product-detail/en/ricoh-electronic-devices-co-ltd/R2223T-E2-F/2129-R2223T-E2-FDKR-ND/11569474,
//media.digikey.com/pdf/Data%20Sheets/Ricoh%20PDFs/r2061-ea.pdf,ricoh-electronic-devices-co.-ltd.,https://www.digikey.com/product-detail/en/ricoh-electronic-devices-co-ltd/R2061L01-E2/2129-R2061L01-E2CT-ND/11569419,
//media.digikey.com/pdf/Data%20Sheets/Ricoh%20PDFs/r2061-ea.pdf,ricoh-electronic-devices-co.-ltd.,https://www.digikey.com/product-detail/en/ricoh-electronic-devices-co-ltd/R2061L01-E2/2129-R2061L01-E2DKR-ND/11569459,
https://datasheets.maximintegrated.com/en/ds/DS1672.pdf,maxim-integrated,https://www.digikey.com/product-detail/en/maxim-integrated/DS1672S-33-T-R/175-DS1672S-33-T-RCT-ND/12144196,
https://datasheets.maximintegrated.com/en/ds/DS1672.pdf,maxim-integrated,https://www.digikey.com/product-detail/en/maxim-integrated/DS1672S-33-T-R/175-DS1672S-33-T-RDKR-ND/12144193,
https://datasheets.maximintegrated.com/en/ds/DS3231M.pdf,maxim-integrated,https://www.digikey.com/product-detail/en/maxim-integrated/DS3231MZ-TRL/175-DS3231MZ-TRLCT-ND/12144211,
https://datasheets.maximintegrated.com/en/ds/DS3231M.pdf,maxim-integrated,https://www.digikey.com/product-detail/en/maxim-integrated/DS3231MZ-TRL/175-DS3231MZ-TRLDKR-ND/12144201,
http://www.ti.com/general/docs/suppproductinfo.tsp?distId=10&gotoUrl=http%3A%2F%2Fwww.ti.com%2Flit%2Fgpn%2Ftlv320adc5140,texas-instruments,https://www.digikey.com/product-detail/en/texas-instruments/TLV320ADC5140IRTWT/296-TLV320ADC5140IRTWTTR-ND/11308797,
https://docs.broadcom.com/docs/ACPL-C799T-DS,broadcom-limited,https://www.digikey.com/product-detail/en/broadcom-limited/ACPL-C799T-000E/516-ACPL-C799T-000E-ND/10716513,
https://www.analog.com/media/en/technical-documentation/data-sheets/ADE1202.pdf,analog-devices-inc.,https://www.digikey.com/product-detail/en/analog-devices-inc/ADE1202ACCZ/505-ADE1202ACCZ-ND/11501285,
https://www.analog.com/media/en/technical-documentation/data-sheets/AD74413R.pdf,analog-devices-inc.,https://www.digikey.com/product-detail/en/analog-devices-inc/AD74413RBCPZ/505-AD74413RBCPZ-ND/11501289,
http://www.ti.com/general/docs/suppproductinfo.tsp?distId=10&gotoUrl=http%3A%2F%2Fwww.ti.com%2Flit%2Fgpn%2Ftlv320adc3140,texas-instruments,https://www.digikey.com/product-detail/en/texas-instruments/TLV320ADC3140IRTWT/296-TLV320ADC3140IRTWTTR-ND/11308829,
http://www.ti.com/general/docs/suppproductinfo.tsp?distId=10&gotoUrl=http%3A%2F%2Fwww.ti.com%2Flit%2Fgpn%2Ftlv320adc5140,texas-instruments,https://www.digikey.com/product-detail/en/texas-instruments/TLV320ADC5140IRTWR/296-TLV320ADC5140IRTWRTR-ND/11308847,
http://www.ti.com/general/docs/suppproductinfo.tsp?distId=10&gotoUrl=http%3A%2F%2Fwww.ti.com%2Flit%2Fgpn%2Fldc1001,texas-instruments,https://www.digikey.com/product-detail/en/texas-instruments/LDC1001NHRR/296-LDC1001NHRRTR-ND/9865953,
http://www.ti.com/lit/gpn/ldc1001-q1,texas-instruments,https://www.digikey.com/product-detail/en/texas-instruments/LDC1001EPWRQ1/296-LDC1001EPWRQ1TR-ND/9865954,
http://www.ti.com/general/docs/suppproductinfo.tsp?distId=10&gotoUrl=http%3A%2F%2Fwww.ti.com%2Flit%2Fgpn%2Ftlv320adc6140,texas-instruments,https://www.digikey.com/product-detail/en/texas-instruments/TLV320ADC6140IRTWT/296-TLV320ADC6140IRTWTTR-ND/11308879,
https://www.silabs.com/documents/public/data-sheets/Si8900-1-2.pdf,silicon-labs,https://www.digikey.com/product-detail/en/silicon-labs/SI8901B-A02-GS/336-SI8901B-A02-GS-ND/11680050,
https://www.silabs.com/documents/public/data-sheets/Si8900-1-2.pdf,silicon-labs,https://www.digikey.com/product-detail/en/silicon-labs/SI8901B-A02-GSR/336-SI8901B-A02-GSRTR-ND/11680048,
https://www.analog.com/media/en/technical-documentation/data-sheets/AD5592R.pdf,analog-devices-inc.,https://www.digikey.com/product-detail/en/analog-devices-inc/AD5592RBRUZ-RL7/505-AD5592RBRUZ-RL7TR-ND/11587190,
http://www.ti.com/general/docs/suppproductinfo.tsp?distId=10&gotoUrl=http%3A%2F%2Fwww.ti.com%2Flit%2Fgpn%2Fafe44i30,texas-instruments,https://www.digikey.com/product-detail/en/texas-instruments/AFE44I30YZT/296-AFE44I30YZTTR-ND/11635680,
http://www.ti.com/general/docs/suppproductinfo.tsp?distId=10&gotoUrl=http%3A%2F%2Fwww.ti.com%2Flit%2Fgpn%2Fafe44i30,texas-instruments,https://www.digikey.com/product-detail/en/texas-instruments/AFE44I30YZT/296-AFE44I30YZTCT-ND/11636563,
http://www.ti.com/general/docs/suppproductinfo.tsp?distId=10&gotoUrl=http%3A%2F%2Fwww.ti.com%2Flit%2Fgpn%2Fafe44i30,texas-instruments,https://www.digikey.com/product-detail/en/texas-instruments/AFE44I30YZT/296-AFE44I30YZTDKR-ND/11636518,
http://www.ti.com/general/docs/suppproductinfo.tsp?distId=10&gotoUrl=http%3A%2F%2Fwww.ti.com%2Flit%2Fgpn%2Fafe44i30,texas-instruments,https://www.digikey.com/product-detail/en/texas-instruments/AFE44I30YZR/296-AFE44I30YZRTR-ND/11635653,
http://www.ti.com/general/docs/suppproductinfo.tsp?distId=10&gotoUrl=http%3A%2F%2Fwww.ti.com%2Flit%2Fgpn%2Fafe4420,texas-instruments,https://www.digikey.com/product-detail/en/texas-instruments/AFE4420YZT/296-50916-2-ND/9489188,
http://www.ti.com/general/docs/suppproductinfo.tsp?distId=10&gotoUrl=http%3A%2F%2Fwww.ti.com%2Flit%2Fgpn%2Fafe44s30,texas-instruments,https://www.digikey.com/product-detail/en/texas-instruments/AFE44S30YZR/296-AFE44S30YZRTR-ND/11502232,
http://www.ti.com/general/docs/suppproductinfo.tsp?distId=10&gotoUrl=http%3A%2F%2Fwww.ti.com%2Flit%2Fgpn%2Fafe44s30,texas-instruments,https://www.digikey.com/product-detail/en/texas-instruments/AFE44S30YZT/296-AFE44S30YZTTR-ND/11502199,
http://www.ti.com/general/docs/suppproductinfo.tsp?distId=10&gotoUrl=http%3A%2F%2Fwww.ti.com%2Flit%2Fgpn%2Ftla2518,texas-instruments,https://www.digikey.com/product-detail/en/texas-instruments/TLA2518IRTET/296-TLA2518IRTETTR-ND/11502309,
http://www.ti.com/general/docs/suppproductinfo.tsp?distId=10&gotoUrl=http%3A%2F%2Fwww.ti.com%2Flit%2Fgpn%2Fads8355,texas-instruments,https://www.digikey.com/product-detail/en/texas-instruments/ADS8355IRTET/296-ADS8355IRTETTR-ND/11635665,
http://www.ti.com/general/docs/suppproductinfo.tsp?distId=10&gotoUrl=http%3A%2F%2Fwww.ti.com%2Flit%2Fgpn%2Fads8355,texas-instruments,https://www.digikey.com/product-detail/en/texas-instruments/ADS8355IRTET/296-ADS8355IRTETCT-ND/11636517,
http://www.ti.com/general/docs/suppproductinfo.tsp?distId=10&gotoUrl=http%3A%2F%2Fwww.ti.com%2Flit%2Fgpn%2Fads8355,texas-instruments,https://www.digikey.com/product-detail/en/texas-instruments/ADS8355IRTET/296-ADS8355IRTETDKR-ND/11636532,
http://www.ti.com/general/docs/suppproductinfo.tsp?distId=10&gotoUrl=http%3A%2F%2Fwww.ti.com%2Flit%2Fgpn%2Fads1283,texas-instruments,https://www.digikey.com/product-detail/en/texas-instruments/ADS1283BIRHFT/296-ADS1283BIRHFTTR-ND/11502213,
http://www.ti.com/general/docs/suppproductinfo.tsp?distId=10&gotoUrl=http%3A%2F%2Fwww.ti.com%2Flit%2Fgpn%2Fads1283,texas-instruments,https://www.digikey.com/product-detail/en/texas-instruments/ADS1283IRHFT/296-ADS1283IRHFTTR-ND/11502207,
http://www.ti.com/general/docs/suppproductinfo.tsp?distId=10&gotoUrl=http%3A%2F%2Fwww.ti.com%2Flit%2Fgpn%2Fads1284,texas-instruments,https://www.digikey.com/product-detail/en/texas-instruments/ADS1284IRHFT/296-ADS1284IRHFTTR-ND/11502237,
https://4donline.ihs.com/images/VipMasterIC/IC/MAXM/MAXMS08377/MAXMS08377-1.pdf?hkey=EC6BD57738AE6E33B588C5F9AD3CEFA7,rochester-electronics-llc,https://www.digikey.com/product-detail/en/rochester-electronics-llc/MAX131CMH/2156-MAX131CMH-ND/12095293,
http://www.ti.com/general/docs/suppproductinfo.tsp?distId=10&gotoUrl=http%3A%2F%2Fwww.ti.com%2Flit%2Fgpn%2Ftla2518,texas-instruments,https://www.digikey.com/product-detail/en/texas-instruments/TLA2518IRTER/296-TLA2518IRTERTR-ND/11502192,
http://www.ti.com/general/docs/suppproductinfo.tsp?distId=10&gotoUrl=http%3A%2F%2Fwww.ti.com%2Flit%2Fgpn%2Fads7038,texas-instruments,https://www.digikey.com/product-detail/en/texas-instruments/ADS7038IRTER/296-ADS7038IRTERTR-ND/11502258,
http://www.ti.com/general/docs/suppproductinfo.tsp?distId=10&gotoUrl=http%3A%2F%2Fwww.ti.com%2Flit%2Fgpn%2Fads7038,texas-instruments,https://www.digikey.com/product-detail/en/texas-instruments/ADS7038IRTET/296-ADS7038IRTETTR-ND/11502249,
https://4donline.ihs.com/images/VipMasterIC/IC/MAXM/MAXMS08377/MAXMS08377-1.pdf?hkey=EC6BD57738AE6E33B588C5F9AD3CEFA7,rochester-electronics-llc,https://www.digikey.com/product-detail/en/rochester-electronics-llc/MAX131ACQH/2156-MAX131ACQH-ND/12095642,
https://4donline.ihs.com/images/VipMasterIC/IC/MAXM/MAXMS08377/MAXMS08377-1.pdf?hkey=EC6BD57738AE6E33B588C5F9AD3CEFA7,rochester-electronics-llc,https://www.digikey.com/product-detail/en/rochester-electronics-llc/MAX131AEPL/2156-MAX131AEPL-ND/12095512,
http://www.ti.com/general/docs/suppproductinfo.tsp?distId=10&gotoUrl=http%3A%2F%2Fwww.ti.com%2Flit%2Fgpn%2Fads8355,texas-instruments,https://www.digikey.com/product-detail/en/texas-instruments/ADS8355IRTER/296-ADS8355IRTERTR-ND/11635654,
https://www.analog.com/media/en/technical-documentation/data-sheets/AD4020-4021-4022.pdf,analog-devices-inc.,https://www.digikey.com/product-detail/en/analog-devices-inc/AD4022BRMZ-RL7/505-AD4022BRMZ-RL7TR-ND/11501290,
https://www.analog.com/media/en/technical-documentation/data-sheets/AD4020-4021-4022.pdf,analog-devices-inc.,https://www.digikey.com/product-detail/en/analog-devices-inc/AD4021BCPZ-R2/505-AD4021BCPZ-R2TR-ND/11501302,
https://4donline.ihs.com/images/VipMasterIC/IC/NATL/NATLE100002/NATLS20243-1.pdf?hkey=EC6BD57738AE6E33B588C5F9AD3CEFA7,rochester-electronics-llc,https://www.digikey.com/product-detail/en/rochester-electronics-llc/ADC700BH/2156-ADC700BH-ND/12103917,
http://www.microchip.com/mymicrochip/filehandler.aspx?ddocname=en609855,microchip-technology,https://www.digikey.com/product-detail/en/microchip-technology/MCP3461-E-ST/150-MCP3461-E-ST-ND/11618283,
http://www.microchip.com/mymicrochip/filehandler.aspx?ddocname=en609858,microchip-technology,https://www.digikey.com/product-detail/en/microchip-technology/MCP3561-E-ST/150-MCP3561-E-ST-ND/11618265,
http://www.microchip.com/mymicrochip/filehandler.aspx?ddocname=en609855,microchip-technology,https://www.digikey.com/product-detail/en/microchip-technology/MCP3462-E-ST/150-MCP3462-E-ST-ND/11618276,
http://www.microchip.com/mymicrochip/filehandler.aspx?ddocname=en609858,microchip-technology,https://www.digikey.com/product-detail/en/microchip-technology/MCP3562-E-ST/150-MCP3562-E-ST-ND/11618275,
http://www.microchip.com/mymicrochip/filehandler.aspx?ddocname=en609855,microchip-technology,https://www.digikey.com/product-detail/en/microchip-technology/MCP3464-E-ST/150-MCP3464-E-ST-ND/11618282,
http://www.microchip.com/mymicrochip/filehandler.aspx?ddocname=en609858,microchip-technology,https://www.digikey.com/product-detail/en/microchip-technology/MCP3564-E-ST/150-MCP3564-E-ST-ND/11618284,
https://www.analog.com/media/en/technical-documentation/data-sheets/AD4020-4021-4022.pdf,analog-devices-inc.,https://www.digikey.com/product-detail/en/analog-devices-inc/AD4021BRMZ/505-AD4021BRMZ-ND/11501287,
https://4donline.ihs.com/images/VipMasterIC/IC/MAXM/MAXMS08377/MAXMS08377-1.pdf?hkey=EC6BD57738AE6E33B588C5F9AD3CEFA7,rochester-electronics-llc,https://www.digikey.com/product-detail/en/rochester-electronics-llc/MAX131CPL-3/2156-MAX131CPL-3-ND/12095629,
http://www.microchip.com/mymicrochip/filehandler.aspx?ddocname=en609855,microchip-technology,https://www.digikey.com/product-detail/en/microchip-technology/MCP3461T-E-ST/150-MCP3461T-E-STTR-ND/11618272,
http://www.microchip.com/mymicrochip/filehandler.aspx?ddocname=en609858,microchip-technology,https://www.digikey.com/product-detail/en/microchip-technology/MCP3561T-E-ST/150-MCP3561T-E-STTR-ND/11618281,
http://www.microchip.com/mymicrochip/filehandler.aspx?ddocname=en609855,microchip-technology,https://www.digikey.com/product-detail/en/microchip-technology/MCP3462T-E-ST/150-MCP3462T-E-STTR-ND/11618264,
http://www.microchip.com/mymicrochip/filehandler.aspx?ddocname=en609858,microchip-technology,https://www.digikey.com/product-detail/en/microchip-technology/MCP3562T-E-ST/150-MCP3562T-E-STTR-ND/11618285,
http://www.microchip.com/mymicrochip/filehandler.aspx?ddocname=en609855,microchip-technology,https://www.digikey.com/product-detail/en/microchip-technology/MCP3464T-E-ST/150-MCP3464T-E-STTR-ND/11618278,
http://www.microchip.com/mymicrochip/filehandler.aspx?ddocname=en609858,microchip-technology,https://www.digikey.com/product-detail/en/microchip-technology/MCP3564T-E-ST/150-MCP3564T-E-STTR-ND/11618293,
https://www.analog.com/media/en/technical-documentation/data-sheets/AD4020-4021-4022.pdf,analog-devices-inc.,https://www.digikey.com/product-detail/en/analog-devices-inc/AD4022BRMZ/505-AD4022BRMZ-ND/11587175,
http://www.microchip.com/mymicrochip/filehandler.aspx?ddocname=en572211,microchip-technology,https://www.digikey.com/product-detail/en/microchip-technology/MCP37211-200E-TE/150-MCP37211-200E-TE-ND/11588576,
http://www.microchip.com/mymicrochip/filehandler.aspx?ddocname=en572211,microchip-technology,https://www.digikey.com/product-detail/en/microchip-technology/MCP37D11-200E-TE/150-MCP37D11-200E-TE-ND/11588232,
http://www.microchip.com/mymicrochip/filehandler.aspx?ddocname=en571458,microchip-technology,https://www.digikey.com/product-detail/en/microchip-technology/MCP37221-200E-TE/150-MCP37221-200E-TE-ND/11588590,
http://www.microchip.com/mymicrochip/filehandler.aspx?ddocname=en571458,microchip-technology,https://www.digikey.com/product-detail/en/microchip-technology/MCP37D21-200E-TE/150-MCP37D21-200E-TE-ND/11588254,
http://www.microchip.com/mymicrochip/filehandler.aspx?ddocname=en571458,microchip-technology,https://www.digikey.com/product-detail/en/microchip-technology/MCP37231-200E-TE/150-MCP37231-200E-TE-ND/11588674,
http://www.microchip.com/mymicrochip/filehandler.aspx?ddocname=en571458,microchip-technology,https://www.digikey.com/product-detail/en/microchip-technology/MCP37D31-200E-TE/150-MCP37D31-200E-TE-ND/11588610,
https://www.analog.com/media/en/technical-documentation/data-sheets/LTC1863-1867.pdf,linear-technology/analog-devices,https://www.digikey.com/product-detail/en/linear-technology-analog-devices/LTC1867AIGN-WTRPBF/161-LTC1867AIGN-WTRPBFTR-ND/11624670,
